first_name,last_name,email,gender,date_of_birth,country_of_birth
Jay,Ogborn,jogborn0@w3.org,Male,11/15/2025,Indonesia
Ailsun,Tarver,atarver1@aboutads.info,Female,11/30/2025,United States
Meggi,Depke,mdepke2@hexun.com,Female,11/4/2025,China
Diana,Vanni,dvanni3@cornell.edu,Female,6/10/2026,Russia
Jermayne,Adamsson,jadamsson4@sciencedirect.com,Male,9/23/2025,China
Fiona,Chezier,fchezier5@nhs.uk,Female,7/21/2026,Cuba
Homerus,Brinklow,hbrinklow6@tinypic.com,Genderqueer,7/29/2026,China
Axel,Serjeantson,aserjeantson7@shinystat.com,Male,10/2/2025,Czech Republic
Curr,Paolucci,cpaolucci8@360.cn,Male,3/20/2026,Argentina
Bethanne,Erasmus,berasmus9@google.ru,Female,3/13/2026,China
Lizbeth,Oldroyd,loldroyda@mail.ru,Female,1/10/2026,Bangladesh
Joyous,M'Chirrie,jmchirrieb@photobucket.com,Female,1/21/2026,Indonesia
Goraud,Entwhistle,gentwhistlec@myspace.com,Male,11/30/2025,Russia
Diane-marie,Staterfield,dstaterfieldd@storify.com,Female,7/6/2026,Brazil
Lisetta,Potteril,lpotterile@networksolutions.com,Female,3/25/2026,China
Judah,Rapin,jrapinf@360.cn,Male,12/16/2025,Philippines
Corrina,Kiezler,ckiezlerg@sciencedaily.com,Female,6/9/2026,Russia
Peirce,Baumford,pbaumfordh@umich.edu,Male,1/8/2026,United States
Kittie,Butting,kbuttingi@bloglines.com,Female,4/7/2026,Russia
Athena,Askem,aaskemj@epa.gov,Female,6/30/2026,Spain
Elroy,Browne,ebrownek@engadget.com,Male,10/10/2025,Indonesia
Haywood,Hook,hhookl@harvard.edu,Male,4/26/2026,Ghana
Raynell,Brewitt,rbrewittm@sogou.com,Female,8/5/2026,Russia
Ade,Huddlestone,ahuddlestonen@cnet.com,Male,5/26/2026,Sri Lanka
Alphonse,Menichi,amenichio@bbc.co.uk,Male,5/15/2026,Mongolia
Julietta,Smalman,jsmalmanp@themeforest.net,Female,7/11/2026,China
Bobette,Areles,barelesq@ask.com,Female,8/27/2025,China
Valdemar,Leggin,vlegginr@latimes.com,Polygender,12/30/2025,Brazil
Hugibert,Sibthorpe,hsibthorpes@salon.com,Male,8/8/2026,Indonesia
Jena,Trustie,jtrustiet@bbb.org,Female,9/6/2025,Indonesia
Leland,Benadette,lbenadetteu@pbs.org,Female,11/15/2025,Morocco
Ulrich,Charpling,ucharplingv@hostgator.com,Male,12/3/2025,China
Tallie,Gyves,tgyvesw@mtv.com,Male,3/19/2026,Sweden
Tremayne,Dogerty,tdogertyx@topsy.com,Male,2/13/2026,China
Buckie,Zorro,bzorroy@ifeng.com,Male,10/23/2025,Indonesia
Prudi,Devenny,pdevennyz@themeforest.net,Female,2/16/2026,Indonesia
Helen,Waylett,hwaylett10@nytimes.com,Female,2/26/2026,Tajikistan
Arline,Marchant,amarchant11@cafepress.com,Female,3/15/2026,China
Josee,Wray,jwray12@alibaba.com,Female,2/23/2026,Russia
Annie,MacCurlye,amaccurlye13@jigsy.com,Female,10/8/2025,Czech Republic
Letisha,Cage,lcage14@plala.or.jp,Female,8/2/2026,Armenia
Marybelle,Baldoni,mbaldoni15@nba.com,Female,10/4/2025,Sweden
Constantin,Mahaffey,cmahaffey16@shinystat.com,Male,7/25/2026,Mexico
Paco,Hicken,phicken17@stanford.edu,Male,1/25/2026,China
Cullan,Siccombe,csiccombe18@purevolume.com,Male,9/26/2025,Guinea
Ara,Rupprecht,arupprecht19@typepad.com,Male,2/5/2026,Haiti
Bertram,Gethen,bgethen1a@marketwatch.com,Male,6/9/2026,Philippines
Joseph,Tuting,jtuting1b@freewebs.com,Male,4/22/2026,Indonesia
Reagan,Martignoni,rmartignoni1c@skyrock.com,Male,4/29/2026,Ukraine
Hartley,Chilles,hchilles1d@cnn.com,Male,10/2/2025,Brazil
Silva,Whittington,swhittington1e@weibo.com,Female,4/12/2026,China
Joli,Aldham,jaldham1f@123-reg.co.uk,Female,4/25/2026,Honduras
Edan,Kilgrove,ekilgrove1g@hexun.com,Genderqueer,7/27/2026,Peru
Dina,Brazenor,dbrazenor1h@dailymail.co.uk,Female,10/28/2025,China
Vinson,Winnard,vwinnard1i@intel.com,Non-binary,2/26/2026,China
Bryn,Instock,binstock1j@mit.edu,Agender,2/8/2026,Russia
Dar,Letterick,dletterick1k@dell.com,Male,12/31/2025,Indonesia
Carlin,Skirlin,cskirlin1l@wikispaces.com,Female,3/2/2026,Brazil
Haroun,Tomney,htomney1m@disqus.com,Male,4/12/2026,Bangladesh
Marabel,Bulstrode,mbulstrode1n@examiner.com,Female,7/4/2026,Albania
Osbourne,Ilewicz,oilewicz1o@nytimes.com,Male,12/31/2025,China
Geordie,Pixton,gpixton1p@dyndns.org,Male,12/4/2025,Palestinian Territory
Tore,Wolters,twolters1q@google.es,Genderqueer,4/12/2026,Bosnia and Herzegovina
Danell,Beckford,dbeckford1r@thetimes.co.uk,Female,9/22/2025,China
Sande,Peniman,speniman1s@tinypic.com,Female,1/15/2026,Poland
Eric,Digle,edigle1t@loc.gov,Male,2/15/2026,Vietnam
Liana,Rosetti,lrosetti1u@alexa.com,Female,12/5/2025,Indonesia
Isidoro,Buttress,ibuttress1v@youtu.be,Male,2/21/2026,Ukraine
Carlen,Stitle,cstitle1w@infoseek.co.jp,Female,9/22/2025,Germany
Renee,Yakuntzov,ryakuntzov1x@ehow.com,Female,4/3/2026,Poland
Daffi,Flack,dflack1y@last.fm,Genderfluid,4/9/2026,China
Harrietta,Gudahy,hgudahy1z@facebook.com,Female,3/29/2026,Portugal
Jeffry,Cadogan,jcadogan20@ftc.gov,Male,2/25/2026,Russia
Herb,Sagg,hsagg21@sfgate.com,Male,5/30/2026,Cape Verde
Letty,Curcher,lcurcher22@thetimes.co.uk,Female,11/6/2025,Russia
Ruthanne,Lafont,rlafont23@howstuffworks.com,Female,10/1/2025,Brazil
Fabiano,Scrivinor,fscrivinor24@hud.gov,Male,8/7/2026,Italy
Amelie,Basnall,abasnall25@dmoz.org,Female,2/28/2026,Portugal
Raffaello,Rusted,rrusted26@blogspot.com,Male,8/22/2025,Indonesia
Tammy,Given,tgiven27@adobe.com,Male,2/17/2026,Indonesia
Norris,Tedman,ntedman28@bbb.org,Male,7/8/2026,Mexico
Hayes,McIvor,hmcivor29@biglobe.ne.jp,Male,2/25/2026,China
Rriocard,Gosse,rgosse2a@google.com.hk,Male,11/20/2025,Thailand
Virgie,Isacoff,visacoff2b@google.co.uk,Female,7/4/2026,Philippines
Sylvan,Nardrup,snardrup2c@lycos.com,Male,6/25/2026,Indonesia
Haleigh,Cheston,hcheston2d@engadget.com,Female,6/3/2026,France
Gabbey,Bletso,gbletso2e@w3.org,Female,4/10/2026,Sudan
Jackie,L' Anglois,jlanglois2f@opera.com,Male,8/27/2025,China
Marsiella,Eixenberger,meixenberger2g@cnet.com,Female,7/4/2026,Canada
Mycah,Simenet,msimenet2h@japanpost.jp,Male,7/18/2026,Mongolia
Madelene,Kemball,mkemball2i@newsvine.com,Female,3/4/2026,Brazil
Barde,Postlewhite,bpostlewhite2j@e-recht24.de,Male,12/29/2025,Czech Republic
Waly,Klamp,wklamp2k@unblog.fr,Female,11/1/2025,Russia
Phillipe,New,pnew2l@over-blog.com,Male,10/25/2025,Albania
Akim,Pettit,apettit2m@foxnews.com,Male,2/4/2026,United States
Goldina,Franiak,gfraniak2n@live.com,Female,12/21/2025,Russia
Carolee,Sprowles,csprowles2o@globo.com,Polygender,1/4/2026,Russia
Francesco,Vannoni,fvannoni2p@zdnet.com,Male,5/6/2026,China
Keslie,Mudge,kmudge2q@dropbox.com,Female,3/11/2026,Russia
Bobbe,Agirre,bagirre2r@pinterest.com,Female,3/21/2026,Pakistan
Jacquie,Cathersides,jcathersides2s@163.com,Genderqueer,9/20/2025,Kosovo
Evangelia,Trymme,etrymme2t@wikimedia.org,Female,9/5/2025,Russia
Ellerey,Liptrod,eliptrod2u@yale.edu,Male,1/20/2026,Brazil
Cinderella,Surcombe,csurcombe2v@psu.edu,Female,1/22/2026,Brazil
Petrina,O' Brian,pobrian2w@wikia.com,Female,8/9/2026,Kenya
Ileane,Northway,inorthway2x@jugem.jp,Female,1/21/2026,Colombia
Elsi,Cleland,ecleland2y@merriam-webster.com,Female,11/1/2025,Indonesia
Alford,Sayle,asayle2z@earthlink.net,Agender,6/8/2026,Russia
Shaw,Benyon,sbenyon30@mlb.com,Male,2/8/2026,China
Barton,Allum,ballum31@toplist.cz,Male,7/5/2026,France
Gabbi,Shawyers,gshawyers32@over-blog.com,Female,10/1/2025,Ukraine
Jessalin,Caple,jcaple33@cnet.com,Polygender,2/3/2026,Russia
Valaree,Scroggins,vscroggins34@a8.net,Female,6/21/2026,China
Radcliffe,Simacek,rsimacek35@networkadvertising.org,Male,7/8/2026,Poland
Dania,Gravenor,dgravenor36@blinklist.com,Genderfluid,11/6/2025,China
Markus,Harbron,mharbron37@elpais.com,Male,7/5/2026,Afghanistan
Cross,Matejka,cmatejka38@tripadvisor.com,Male,4/21/2026,Morocco
Luz,Andrichak,landrichak39@1und1.de,Female,6/22/2026,Azerbaijan
Warde,Schechter,wschechter3a@mayoclinic.com,Male,3/10/2026,Nepal
Olympe,Nibley,onibley3b@icq.com,Female,5/5/2026,Mexico
Dud,Teare,dteare3c@eventbrite.com,Male,10/10/2025,Poland
Selma,Cluderay,scluderay3d@hao123.com,Female,12/16/2025,Bolivia
Em,Woolnough,ewoolnough3e@miibeian.gov.cn,Male,6/3/2026,France
Eleanora,De Brett,edebrett3f@examiner.com,Female,4/24/2026,Cyprus
Cordey,Heathorn,cheathorn3g@simplemachines.org,Female,11/10/2025,Indonesia
Sal,Wignall,swignall3h@wikimedia.org,Female,3/16/2026,Russia
Leontyne,Clurow,lclurow3i@github.io,Female,7/11/2026,Burkina Faso
Cati,Hampson,champson3j@arizona.edu,Female,1/21/2026,Brazil
Salmon,Saffe,ssaffe3k@skype.com,Male,10/11/2025,Japan
Bryn,Pfeffel,bpfeffel3l@npr.org,Male,8/17/2025,Indonesia
Eugenio,Long,elong3m@icio.us,Male,7/4/2026,Finland
Shanda,Enrdigo,senrdigo3n@seattletimes.com,Polygender,9/8/2025,Portugal
Nikolaus,Dugall,ndugall3o@intel.com,Male,8/7/2026,Philippines
Dredi,See,dsee3p@furl.net,Female,6/16/2026,Sweden
Glynnis,Squelch,gsquelch3q@google.com.br,Female,11/12/2025,Albania
Solly,Carlsen,scarlsen3r@gmpg.org,Male,6/27/2026,Brazil
Hubie,MacMickan,hmacmickan3s@aboutads.info,Agender,12/17/2025,France
Marlon,Oldrey,moldrey3t@sina.com.cn,Male,10/1/2025,Norway
Cassius,Reading,creading3u@si.edu,Male,12/22/2025,China
Sybila,Ferrand,sferrand3v@amazon.co.uk,Female,3/21/2026,Haiti
Verla,Wildbore,vwildbore3w@yahoo.com,Female,1/26/2026,Venezuela
Salaidh,Dennington,sdennington3x@nifty.com,Female,10/15/2025,China
Clareta,Po,cpo3y@stanford.edu,Female,11/30/2025,Russia
Florina,Berni,fberni3z@dot.gov,Female,9/6/2025,France
Zachary,Clarabut,zclarabut40@noaa.gov,Male,1/11/2026,Germany
Sasha,Zuann,szuann41@topsy.com,Female,4/8/2026,Peru
Veronika,Iacofo,viacofo42@jugem.jp,Female,10/6/2025,Canada
Selinda,Willan,swillan43@ox.ac.uk,Polygender,12/12/2025,Papua New Guinea
Moyra,Legion,mlegion44@epa.gov,Female,12/16/2025,China
Justinn,Morrad,jmorrad45@hhs.gov,Female,12/11/2025,China
Del,Tooting,dtooting46@yahoo.co.jp,Male,9/7/2025,France
Rosie,Carriage,rcarriage47@pbs.org,Female,8/24/2025,Russia
Danya,Nardi,dnardi48@xrea.com,Male,3/15/2026,Russia
Mireille,Agge,magge49@amazon.com,Bigender,12/30/2025,Russia
Gwenora,Norton,gnorton4a@themeforest.net,Female,5/21/2026,China
Court,Fidler,cfidler4b@huffingtonpost.com,Male,9/12/2025,Slovenia
Tremain,Penny,tpenny4c@pinterest.com,Polygender,11/20/2025,Indonesia
Tisha,Pond-Jones,tpondjones4d@pcworld.com,Female,11/15/2025,Albania
Rafaelia,Kief,rkief4e@sun.com,Female,5/26/2026,Indonesia
Art,Abbate,aabbate4f@g.co,Male,8/16/2026,Indonesia
Joyan,Bruin,jbruin4g@walmart.com,Female,2/27/2026,Norway
Dennet,Brozek,dbrozek4h@fastcompany.com,Male,12/28/2025,China
Town,Annott,tannott4i@google.nl,Male,6/28/2026,Ukraine
Maximilian,Pandie,mpandie4j@istockphoto.com,Male,9/23/2025,Russia
Renaud,Stitcher,rstitcher4k@jugem.jp,Male,11/25/2025,China
Fabio,Kinnen,fkinnen4l@marriott.com,Male,1/11/2026,Argentina
Rikki,Caws,rcaws4m@yale.edu,Female,5/3/2026,Colombia
Elane,Bletsoe,ebletsoe4n@bloglines.com,Bigender,12/19/2025,Japan
Halli,Sam,hsam4o@springer.com,Female,8/14/2026,Japan
Waverley,Pepye,wpepye4p@godaddy.com,Genderfluid,5/31/2026,Ukraine
Milo,McKim,mmckim4q@about.com,Male,3/21/2026,Indonesia
Mead,Wetton,mwetton4r@sciencedaily.com,Male,3/18/2026,Sierra Leone
Elliot,Giorgione,egiorgione4s@mtv.com,Male,7/6/2026,Portugal
Emmott,Boost,eboost4t@miitbeian.gov.cn,Non-binary,5/1/2026,Indonesia
Emerson,Presser,epresser4u@noaa.gov,Male,9/8/2025,China
Thayne,Howarth,thowarth4v@cnet.com,Male,3/6/2026,Afghanistan
Maurizia,Eborall,meborall4w@bbc.co.uk,Female,8/1/2026,China
Rochette,Pumphrey,rpumphrey4x@livejournal.com,Female,12/2/2025,Egypt
Lisha,Peach,lpeach4y@tinyurl.com,Female,1/18/2026,Nigeria
Chan,Pitsall,cpitsall4z@furl.net,Male,6/5/2026,Indonesia
Walther,McNeillie,wmcneillie50@baidu.com,Male,9/2/2025,Argentina
Marlena,Carlill,mcarlill51@hhs.gov,Genderqueer,8/4/2026,Russia
Shelton,Vivien,svivien52@parallels.com,Male,4/6/2026,Chile
Moses,Mizen,mmizen53@virginia.edu,Male,5/3/2026,France
Griffie,Oldfield-Cherry,goldfieldcherry54@woothemes.com,Male,12/6/2025,Thailand
Minni,Chevis,mchevis55@nsw.gov.au,Female,10/25/2025,China
Tybalt,Boteman,tboteman56@so-net.ne.jp,Male,5/20/2026,Brazil
Franzen,Caldero,fcaldero57@bravesites.com,Male,8/12/2026,Italy
Ted,Roakes,troakes58@bluehost.com,Male,6/27/2026,Colombia
Gayleen,Cadney,gcadney59@joomla.org,Female,7/14/2026,Indonesia
Norby,Drayn,ndrayn5a@ucoz.ru,Male,1/22/2026,China
Jennette,Woolland,jwoolland5b@netlog.com,Bigender,8/14/2026,Tajikistan
Evvy,Cristoforetti,ecristoforetti5c@github.com,Female,5/7/2026,Japan
Montgomery,Pedrick,mpedrick5d@bbb.org,Male,6/5/2026,Russia
Hatti,Pignon,hpignon5e@google.com.br,Female,5/20/2026,Thailand
Gloriana,Queenborough,gqueenborough5f@hibu.com,Female,5/19/2026,Indonesia
Wandie,Spark,wspark5g@ask.com,Female,12/11/2025,Chad
Alisun,Walworth,awalworth5h@weibo.com,Female,3/27/2026,Czech Republic
Aguistin,Sollime,asollime5i@cbslocal.com,Male,12/28/2025,China
Hanna,Audibert,haudibert5j@webmd.com,Female,7/13/2026,China
Pammy,Yendall,pyendall5k@acquirethisname.com,Female,12/7/2025,China
Madelaine,Mucci,mmucci5l@blogger.com,Female,11/27/2025,Latvia
Alfy,Splevings,asplevings5m@netlog.com,Bigender,11/14/2025,Indonesia
Johannah,Lenaghen,jlenaghen5n@live.com,Female,12/1/2025,Nigeria
Elnora,Covert,ecovert5o@alibaba.com,Female,1/20/2026,Russia
Marcel,Phillpotts,mphillpotts5p@amazon.com,Male,11/20/2025,Czech Republic
Avis,Daintith,adaintith5q@freewebs.com,Female,10/29/2025,Brazil
Farleigh,Zannotelli,fzannotelli5r@dailymotion.com,Genderfluid,1/16/2026,Russia
Wrennie,Giovanardi,wgiovanardi5s@wikia.com,Non-binary,1/12/2026,Russia
Ginni,Godlonton,ggodlonton5t@apache.org,Female,1/10/2026,Thailand
Bevon,Kringe,bkringe5u@weibo.com,Male,7/8/2026,Sweden
Iorgo,Clougher,iclougher5v@360.cn,Male,1/8/2026,Panama
Bennie,Anscombe,banscombe5w@gov.uk,Male,10/7/2025,Switzerland
Angel,Highwood,ahighwood5x@ucla.edu,Male,8/17/2025,China
Philippe,Broader,pbroader5y@blogtalkradio.com,Female,1/16/2026,China
Rana,Begent,rbegent5z@unc.edu,Agender,1/17/2026,Ukraine
Buffy,Walne,bwalne60@drupal.org,Female,2/26/2026,China
Ree,Norley,rnorley61@furl.net,Female,12/26/2025,South Africa
Dniren,Haddrill,dhaddrill62@ycombinator.com,Bigender,1/23/2026,Ghana
Lucinda,Simpkin,lsimpkin63@wordpress.com,Female,9/9/2025,Spain
Mariellen,McTavy,mmctavy64@vimeo.com,Polygender,10/5/2025,Brazil
Farly,Manssuer,fmanssuer65@xinhuanet.com,Male,8/21/2025,Botswana
Rodina,Playfoot,rplayfoot66@senate.gov,Female,9/7/2025,China
Kylie,Leivesley,kleivesley67@topsy.com,Female,3/14/2026,Poland
Bald,Garfoot,bgarfoot68@smh.com.au,Male,5/26/2026,Russia
Denice,Thouless,dthouless69@foxnews.com,Female,8/30/2025,Vietnam
Conrado,Sangster,csangster6a@walmart.com,Male,1/22/2026,China
Mabel,O'Connor,moconnor6b@paypal.com,Polygender,9/25/2025,Russia
Sydel,Becken,sbecken6c@soup.io,Female,3/10/2026,Kyrgyzstan
Dulcine,Pinkerton,dpinkerton6d@shutterfly.com,Female,3/15/2026,China
Rafaela,Haster,rhaster6e@admin.ch,Female,3/13/2026,Indonesia
Myrah,Roomes,mroomes6f@tmall.com,Non-binary,3/2/2026,Philippines
Anabelle,Valentim,avalentim6g@ftc.gov,Female,10/24/2025,Honduras
Ian,Choldcroft,icholdcroft6h@delicious.com,Male,4/22/2026,France
Eadie,Dix,edix6i@opensource.org,Female,11/4/2025,France
Arden,Enden,aenden6j@usnews.com,Female,3/31/2026,Nigeria
Tyne,Trumble,ttrumble6k@tuttocitta.it,Female,9/1/2025,France
Willie,Sallans,wsallans6l@apache.org,Female,3/2/2026,Russia
Gates,Matussov,gmatussov6m@163.com,Female,11/24/2025,Nigeria
Bronnie,Corneil,bcorneil6n@youtu.be,Male,8/2/2026,Indonesia
Annabell,Gonneau,agonneau6o@multiply.com,Bigender,7/16/2026,Poland
Gerhardine,Phipp,gphipp6p@seattletimes.com,Female,8/10/2026,China
Antoni,Dawtrey,adawtrey6q@yale.edu,Male,1/17/2026,Philippines
Waverly,Helmke,whelmke6r@hc360.com,Male,11/15/2025,Nigeria
Bethanne,Comazzo,bcomazzo6s@desdev.cn,Female,10/28/2025,Malaysia
Jana,Roddie,jroddie6t@ihg.com,Non-binary,9/15/2025,Philippines
Angelico,Burnup,aburnup6u@java.com,Male,10/4/2025,Indonesia
Stesha,Narramor,snarramor6v@bbc.co.uk,Female,5/3/2026,Mongolia
Orelee,Jacobsson,ojacobsson6w@economist.com,Female,8/28/2025,Philippines
Brita,Effemy,beffemy6x@topsy.com,Female,1/1/2026,China
Rafaelia,Sporrij,rsporrij6y@ifeng.com,Female,8/10/2026,Indonesia
Dory,Eckh,deckh6z@instagram.com,Male,10/13/2025,Indonesia
Verne,Matiasek,vmatiasek70@about.com,Male,8/9/2026,Indonesia
Caddric,Villar,cvillar71@buzzfeed.com,Male,12/1/2025,Kazakhstan
Filippa,McGahern,fmcgahern72@tuttocitta.it,Agender,1/20/2026,Ghana
Oliver,O'Dennehy,oodennehy73@opera.com,Male,8/3/2026,Croatia
Vallie,Station,vstation74@acquirethisname.com,Female,8/29/2025,Indonesia
Gabbie,Pattullo,gpattullo75@opera.com,Male,9/16/2025,Indonesia
King,Fleckno,kfleckno76@china.com.cn,Male,7/15/2026,Ukraine
Barbabas,Bareford,bbareford77@google.nl,Non-binary,11/6/2025,China
Aimil,Lomasney,alomasney78@sohu.com,Female,10/1/2025,Bosnia and Herzegovina
Arden,Browell,abrowell79@privacy.gov.au,Female,1/22/2026,Burkina Faso
Mathew,Meritt,mmeritt7a@eventbrite.com,Male,10/28/2025,France
Fredek,Steuhlmeyer,fsteuhlmeyer7b@behance.net,Male,5/26/2026,China
Marnie,Cardow,mcardow7c@microsoft.com,Female,8/11/2026,China
Gerhard,Bernardi,gbernardi7d@mediafire.com,Male,9/5/2025,Indonesia
Leone,Balderston,lbalderston7e@china.com.cn,Female,1/31/2026,China
Ulrica,Lugard,ulugard7f@ovh.net,Female,7/23/2026,China
Jyoti,Curme,jcurme7g@wunderground.com,Female,7/23/2026,Nicaragua
Tome,Biagini,tbiagini7h@si.edu,Male,10/24/2025,France
Chilton,Gerry,cgerry7i@deliciousdays.com,Genderqueer,10/11/2025,Ukraine
Jonathan,Benazet,jbenazet7j@artisteer.com,Male,2/27/2026,Cuba
Artus,Phear,aphear7k@meetup.com,Male,1/26/2026,Ukraine
Benn,Antonomoli,bantonomoli7l@dailymotion.com,Male,10/11/2025,Serbia
Logan,Bromilow,lbromilow7m@wordpress.org,Male,11/7/2025,China
King,Tabourin,ktabourin7n@tmall.com,Male,2/16/2026,Brazil
Suzanne,Nowick,snowick7o@myspace.com,Female,7/15/2026,Ukraine
Reuben,Keemer,rkeemer7p@usa.gov,Male,3/29/2026,Panama
Jermain,Giovannardi,jgiovannardi7q@admin.ch,Male,7/31/2026,China
Jenna,Hollingdale,jhollingdale7r@alexa.com,Genderfluid,9/24/2025,Kazakhstan
Daniele,Hunnicutt,dhunnicutt7s@51.la,Non-binary,5/26/2026,Indonesia
Archibaldo,Mountain,amountain7t@creativecommons.org,Male,6/19/2026,Greece
Timothy,Labeuil,tlabeuil7u@smh.com.au,Male,7/9/2026,Venezuela
Tynan,Comoletti,tcomoletti7v@youku.com,Male,9/20/2025,Indonesia
Ebenezer,Druhan,edruhan7w@xrea.com,Male,12/25/2025,Poland
Wallie,Goulstone,wgoulstone7x@amazonaws.com,Male,8/13/2026,Germany
Loleta,Alejo,lalejo7y@github.com,Female,9/15/2025,Yemen
Sallee,Owens,sowens7z@columbia.edu,Female,4/9/2026,Greece
Bayard,de Marco,bdemarco80@google.ca,Male,9/25/2025,Indonesia
Paula,Coviello,pcoviello81@youku.com,Non-binary,1/13/2026,Oman
Crosby,Osbidston,cosbidston82@paypal.com,Male,4/30/2026,Brazil
Kellsie,Connelly,kconnelly83@about.me,Female,10/12/2025,Brazil
Oliy,De Filippis,odefilippis84@surveymonkey.com,Female,6/1/2026,China
Cole,Cressor,ccressor85@ucla.edu,Male,4/3/2026,Bolivia
Barron,Trevillion,btrevillion86@wix.com,Male,12/7/2025,China
Alick,McCane,amccane87@tinypic.com,Male,3/30/2026,Brazil
Allys,Motton,amotton88@addthis.com,Female,6/7/2026,Argentina
Camala,Isacoff,cisacoff89@rakuten.co.jp,Genderqueer,10/2/2025,China
Alejandra,Beckers,abeckers8a@salon.com,Female,1/26/2026,Philippines
Allys,Fransemai,afransemai8b@youtube.com,Female,2/4/2026,France
Bibby,Castelin,bcastelin8c@vimeo.com,Female,3/28/2026,Ukraine
Ardelis,Akker,aakker8d@cnbc.com,Female,2/7/2026,China
Harwell,Barends,hbarends8e@shareasale.com,Agender,5/28/2026,Mexico
Garner,Heeran,gheeran8f@cnn.com,Male,5/13/2026,Afghanistan
Othella,Happs,ohapps8g@mayoclinic.com,Female,3/9/2026,Russia
Kurtis,Wakeham,kwakeham8h@usgs.gov,Male,12/21/2025,Mexico
Cori,Erik,cerik8i@shareasale.com,Polygender,5/22/2026,Sweden
Arley,Elijah,aelijah8j@theatlantic.com,Male,10/15/2025,Philippines
Sallie,Frere,sfrere8k@omniture.com,Genderfluid,1/4/2026,Portugal
Alwin,Grinov,agrinov8l@xinhuanet.com,Male,5/1/2026,Indonesia
Lory,Dresche,ldresche8m@unesco.org,Non-binary,1/24/2026,Mongolia
Kitti,Gosland,kgosland8n@biblegateway.com,Female,10/22/2025,Belarus
Kori,Nicholes,knicholes8o@seattletimes.com,Non-binary,3/1/2026,Sweden
Audra,MacNockater,amacnockater8p@jugem.jp,Female,3/31/2026,Colombia
Ermengarde,Dollin,edollin8q@intel.com,Female,12/4/2025,Spain
Ariella,Hasson,ahasson8r@salon.com,Female,10/19/2025,China
Hildagarde,Dale,hdale8s@ustream.tv,Female,12/27/2025,Portugal
Genevieve,Pruckner,gpruckner8t@oracle.com,Female,6/12/2026,New Caledonia
Pammy,Addy,paddy8u@latimes.com,Female,4/15/2026,Finland
Jazmin,Quakley,jquakley8v@amazon.co.uk,Female,11/9/2025,China
Charlie,Sarle,csarle8w@wikimedia.org,Male,3/2/2026,Thailand
Jasmina,McClure,jmcclure8x@dagondesign.com,Female,8/12/2026,Indonesia
Levey,Carlyle,lcarlyle8y@ameblo.jp,Male,1/6/2026,Indonesia
Emilie,Iddins,eiddins8z@addthis.com,Female,12/27/2025,China
Andre,Ochiltree,aochiltree90@plala.or.jp,Male,9/24/2025,Somalia
Vernor,Witherdon,vwitherdon91@opensource.org,Male,5/27/2026,Sweden
Candi,Attride,cattride92@virginia.edu,Polygender,2/18/2026,China
Daniele,Le Barr,dlebarr93@nps.gov,Female,7/1/2026,Peru
Ware,Mackrell,wmackrell94@cocolog-nifty.com,Male,10/26/2025,Indonesia
Georgie,Woodruff,gwoodruff95@istockphoto.com,Female,7/19/2026,Indonesia
Electra,Freyn,efreyn96@ebay.com,Female,5/16/2026,Russia
Broderick,Boriston,bboriston97@oracle.com,Male,11/2/2025,Nicaragua
Hobart,Scothern,hscothern98@mozilla.com,Male,9/23/2025,Thailand
Elyn,McElane,emcelane99@wp.com,Female,12/17/2025,Japan
Giacinta,Antoshin,gantoshin9a@scientificamerican.com,Polygender,11/30/2025,Indonesia
Martie,MacDaid,mmacdaid9b@unc.edu,Male,9/30/2025,Malaysia
Hannis,Bloxsome,hbloxsome9c@house.gov,Female,5/20/2026,Thailand
Tudor,Lansly,tlansly9d@ucla.edu,Male,5/11/2026,Mongolia
Rhett,Najara,rnajara9e@unicef.org,Male,7/6/2026,Uganda
Annabella,Sherrett,asherrett9f@tamu.edu,Female,6/16/2026,Indonesia
Jeffy,East,jeast9g@umich.edu,Male,9/24/2025,Sweden
Farleigh,Blagburn,fblagburn9h@ovh.net,Male,4/13/2026,Portugal
Sile,Patershall,spatershall9i@ycombinator.com,Female,6/10/2026,Indonesia
Rodd,Suddards,rsuddards9j@irs.gov,Male,9/12/2025,Nigeria
Andra,Eyree,aeyree9k@intel.com,Female,10/20/2025,Russia
Wandie,Meric,wmeric9l@skype.com,Agender,3/31/2026,Portugal
Ethe,Bamb,ebamb9m@shinystat.com,Male,6/10/2026,Philippines
Ruperta,Northridge,rnorthridge9n@paginegialle.it,Female,10/28/2025,China
Abran,Sidwick,asidwick9o@wunderground.com,Male,5/16/2026,China
Terri,Kanwell,tkanwell9p@ebay.co.uk,Male,5/14/2026,China
Crystal,Pine,cpine9q@hugedomains.com,Female,5/10/2026,France
Sammy,Dafydd,sdafydd9r@dell.com,Female,12/16/2025,Philippines
Druci,Margrem,dmargrem9s@bloglines.com,Female,8/25/2025,Honduras
Ranee,Gleder,rgleder9t@disqus.com,Female,11/18/2025,South Africa
Manuel,Martt,mmartt9u@phpbb.com,Male,7/18/2026,Mauritius
Julie,Giorgeschi,jgiorgeschi9v@tuttocitta.it,Female,10/18/2025,Greece
Kile,Darton,kdarton9w@engadget.com,Non-binary,12/4/2025,Vietnam
Gardy,Antonio,gantonio9x@unesco.org,Male,10/1/2025,Thailand
Willard,Egger,wegger9y@oracle.com,Male,7/18/2026,United States
Norrie,Giovanitti,ngiovanitti9z@naver.com,Male,1/14/2026,Thailand
Veronike,Rostern,vrosterna0@blog.com,Female,3/25/2026,Peru
Kania,Jerrard,kjerrarda1@nydailynews.com,Female,5/5/2026,Nigeria
Cleo,McElmurray,cmcelmurraya2@hexun.com,Female,9/5/2025,Russia
Brok,Arlow,barlowa3@sun.com,Male,8/17/2025,China
Gavin,Maccraw,gmaccrawa4@netlog.com,Male,4/24/2026,Poland
Karel,Ofener,kofenera5@moonfruit.com,Male,3/27/2026,Nigeria
Bobinette,Lanney,blanneya6@salon.com,Female,3/14/2026,South Korea
Eduino,Crease,ecreasea7@utexas.edu,Male,11/29/2025,Ukraine
Clarinda,Bart,cbarta8@google.ru,Female,10/17/2025,China
Peter,Figgen,pfiggena9@mediafire.com,Male,8/17/2025,China
Danita,Krojn,dkrojnaa@ox.ac.uk,Female,5/3/2026,Guatemala
Halie,Alvarado,halvaradoab@goodreads.com,Female,2/27/2026,China
Ethelbert,Haacker,ehaackerac@alibaba.com,Male,8/26/2025,Philippines
Klement,Harflete,kharfletead@biglobe.ne.jp,Male,5/8/2026,Guatemala
Lianna,Malby,lmalbyae@tamu.edu,Female,7/15/2026,Ukraine
Anders,Mackrell,amackrellaf@tmall.com,Polygender,3/29/2026,Philippines
Hallsy,Cornish,hcornishag@si.edu,Polygender,8/21/2025,Indonesia
Pascale,Pershouse,ppershouseah@who.int,Male,4/13/2026,Peru
Barthel,Latus,blatusai@about.com,Male,12/16/2025,Indonesia
Brian,Bourdas,bbourdasaj@vinaora.com,Male,10/1/2025,Sweden
Keefe,Bonny,kbonnyak@360.cn,Agender,1/16/2026,Haiti
Sinclare,Pitchford,spitchfordal@latimes.com,Male,10/13/2025,Madagascar
Margaretta,Turton,mturtonam@reverbnation.com,Female,9/12/2025,Russia
Lucina,Fisbburne,lfisbburnean@mit.edu,Female,8/21/2025,Colombia
Gail,Edbrooke,gedbrookeao@ask.com,Female,8/8/2026,Russia
Darleen,Dore,ddoreap@blogs.com,Female,9/17/2025,Indonesia
Casey,Clausen,cclausenaq@odnoklassniki.ru,Male,9/23/2025,Mongolia
Kylie,Millar,kmillarar@last.fm,Female,4/23/2026,China
Tomaso,Sunman,tsunmanas@nsw.gov.au,Male,2/1/2026,Ecuador
Guenna,Rabidge,grabidgeat@ca.gov,Female,3/7/2026,Ireland
Hedwig,Acreman,hacremanau@cargocollective.com,Female,5/31/2026,Italy
Austin,Scudamore,ascudamoreav@cdbaby.com,Male,7/30/2026,Poland
Orville,Macrae,omacraeaw@wp.com,Male,10/10/2025,South Africa
Lorain,Vankov,lvankovax@washington.edu,Female,12/31/2025,Brazil
Debbi,Thoumas,dthoumasay@vkontakte.ru,Female,5/15/2026,Russia
Palmer,Clemenzi,pclemenziaz@paginegialle.it,Male,11/22/2025,Serbia
Marga,Gerardet,mgerardetb0@alibaba.com,Female,3/3/2026,Sweden
Rachael,Fearneley,rfearneleyb1@mail.ru,Female,12/2/2025,United States
Alano,Shortan,ashortanb2@goodreads.com,Male,4/30/2026,Indonesia
Gale,Podbury,gpodburyb3@163.com,Female,10/5/2025,Russia
Hubie,Dymott,hdymottb4@reuters.com,Male,1/23/2026,Sweden
Ansley,Christoffersen,achristoffersenb5@topsy.com,Female,10/3/2025,France
Stillmann,Elen,selenb6@symantec.com,Male,10/25/2025,China
Judah,Gilston,jgilstonb7@yolasite.com,Male,4/23/2026,China
Lyndy,Reeders,lreedersb8@princeton.edu,Female,3/23/2026,Indonesia
Chip,Heddy,cheddyb9@guardian.co.uk,Male,6/26/2026,Afghanistan
Gale,Halvosen,ghalvosenba@wired.com,Male,4/7/2026,Indonesia
Bone,Dreier,bdreierbb@dion.ne.jp,Male,4/26/2026,China
Malvin,Knapper,mknapperbc@newsvine.com,Male,6/5/2026,China
Jen,Kupke,jkupkebd@guardian.co.uk,Female,2/4/2026,Philippines
Floyd,Raun,fraunbe@shop-pro.jp,Male,3/8/2026,Cameroon
Carleen,Berni,cbernibf@hugedomains.com,Female,12/6/2025,Sweden
Jonah,Wattins,jwattinsbg@bravesites.com,Male,6/1/2026,Portugal
Niall,Fortune,nfortunebh@ebay.com,Male,10/14/2025,Thailand
Hilario,Burney,hburneybi@aol.com,Male,5/22/2026,Uganda
Belvia,Hallowell,bhallowellbj@mozilla.org,Non-binary,4/29/2026,Russia
Lyndell,Ridwood,lridwoodbk@drupal.org,Female,8/18/2025,France
Othilie,Louis,olouisbl@upenn.edu,Genderqueer,6/21/2026,Brazil
Rey,Cornewell,rcornewellbm@hostgator.com,Female,5/8/2026,China
Hinda,Penrice,hpenricebn@addtoany.com,Female,12/21/2025,China
Alva,Cleyne,acleynebo@bbc.co.uk,Male,1/6/2026,South Africa
Rafaello,Byk,rbykbp@eventbrite.com,Male,8/19/2025,Libya
Brnaba,Holdren,bholdrenbq@google.co.jp,Male,12/16/2025,France
Ardelle,MacAlroy,amacalroybr@independent.co.uk,Female,6/9/2026,Japan
Ranique,Kettlewell,rkettlewellbs@deviantart.com,Female,8/22/2025,Central African Republic
Clareta,Kerman,ckermanbt@go.com,Polygender,11/6/2025,Russia
Axel,Newlin,anewlinbu@cnn.com,Male,3/7/2026,China
Dagny,Krug,dkrugbv@stumbleupon.com,Male,6/1/2026,Syria
Teddy,Keunemann,tkeunemannbw@mit.edu,Female,10/18/2025,Japan
Christyna,Aykroyd,caykroydbx@arizona.edu,Female,7/22/2026,Bahrain
Kaiser,Madgett,kmadgettby@aboutads.info,Male,4/14/2026,Italy
Carmelle,Fussen,cfussenbz@redcross.org,Female,10/3/2025,Canada
Margarete,Smedmore,msmedmorec0@chronoengine.com,Female,8/9/2026,France
Filip,Langworthy,flangworthyc1@youtube.com,Polygender,4/17/2026,Russia
Cherin,Brikner,cbriknerc2@dagondesign.com,Female,10/23/2025,Argentina
Jermain,Durbridge,jdurbridgec3@cam.ac.uk,Male,10/13/2025,Portugal
Erin,Dreghorn,edreghornc4@chron.com,Female,6/14/2026,China
Taryn,Preston,tprestonc5@scribd.com,Female,3/11/2026,Latvia
Nicolette,Drivers,ndriversc6@loc.gov,Female,10/3/2025,Indonesia
Anderson,Wait,awaitc7@wired.com,Male,7/7/2026,Armenia
Julius,Guye,jguyec8@noaa.gov,Male,12/4/2025,United States
Viva,Kilpatrick,vkilpatrickc9@stanford.edu,Female,12/15/2025,Russia
Olag,Mussetti,omussettica@pinterest.com,Male,4/22/2026,Colombia
Shanon,Hing,shingcb@java.com,Female,8/19/2025,Cyprus
Torin,Buckoke,tbuckokecc@marriott.com,Male,4/15/2026,Argentina
Zollie,Kryzhov,zkryzhovcd@list-manage.com,Male,4/15/2026,Albania
Walsh,Winnister,wwinnisterce@exblog.jp,Genderqueer,2/27/2026,China
Garik,Week,gweekcf@statcounter.com,Male,8/11/2026,Canada
Terry,Aldus,talduscg@mashable.com,Male,10/29/2025,United States
Roma,Shallcroff,rshallcroffch@guardian.co.uk,Genderfluid,1/10/2026,Sweden
Hyacinthe,Blanpein,hblanpeinci@yale.edu,Female,5/11/2026,Zambia
Roseann,O'Lennachain,rolennachaincj@bloglines.com,Female,9/16/2025,Philippines
Mattie,Spire,mspireck@unesco.org,Genderqueer,10/4/2025,Russia
Harald,McLafferty,hmclaffertycl@tripod.com,Agender,9/16/2025,Argentina
Coriss,Balme,cbalmecm@google.com.hk,Female,12/29/2025,France
Tootsie,Soares,tsoarescn@cam.ac.uk,Female,5/28/2026,Indonesia
Gustie,Ludovico,gludovicoco@feedburner.com,Female,6/25/2026,China
Alison,Minger,amingercp@com.com,Female,12/19/2025,Peru
Bordie,Etches,betchescq@ning.com,Male,7/4/2026,Azerbaijan
Kaitlynn,Bursnall,kbursnallcr@trellian.com,Female,6/4/2026,Palestinian Territory
Kyle,Edward,kedwardcs@uiuc.edu,Genderfluid,5/5/2026,Peru
Lilith,Irwin,lirwinct@qq.com,Female,10/11/2025,China
Shannan,Heinreich,sheinreichcu@51.la,Male,3/18/2026,Malta
Kelsey,Riccetti,kriccetticv@wix.com,Female,2/22/2026,Sweden
Halimeda,Lipscombe,hlipscombecw@hibu.com,Female,4/12/2026,China
Desiree,Deave,ddeavecx@answers.com,Female,12/2/2025,Argentina
Bart,Drewe,bdrewecy@nature.com,Male,12/14/2025,Sri Lanka
Erhard,Sedger,esedgercz@ask.com,Male,8/16/2026,Venezuela
Correy,Hiley,chileyd0@etsy.com,Male,3/15/2026,Philippines
Dilly,Ryce,dryced1@jimdo.com,Male,2/13/2026,Brazil
Eirena,Moehler,emoehlerd2@joomla.org,Female,10/26/2025,Japan
Artus,Freeland,afreelandd3@imgur.com,Male,11/29/2025,Czech Republic
Emalee,Jordanson,ejordansond4@360.cn,Female,6/18/2026,Sweden
Sybilla,Stainer,sstainerd5@google.ca,Female,8/6/2026,China
Addi,Emerine,aemerined6@xrea.com,Female,9/17/2025,China
Karoly,Augustus,kaugustusd7@patch.com,Genderfluid,12/29/2025,Thailand
Beverie,Cottesford,bcottesfordd8@ed.gov,Polygender,9/18/2025,China
Der,MacCaig,dmaccaigd9@constantcontact.com,Male,8/1/2026,Thailand
Alica,Baudou,abaudouda@wikipedia.org,Female,10/17/2025,China
Ernest,O'Bruen,eobruendb@ehow.com,Male,10/22/2025,China
Edward,Gussie,egussiedc@pbs.org,Male,9/17/2025,Indonesia
Cristen,Cowmeadow,ccowmeadowdd@cbc.ca,Polygender,9/28/2025,Russia
Winne,Bing,wbingde@51.la,Female,1/16/2026,Brazil
Andre,Khoter,akhoterdf@kickstarter.com,Male,2/24/2026,Nicaragua
Arabel,Upham,auphamdg@netvibes.com,Female,8/18/2025,China
Charlie,Jobson,cjobsondh@hatena.ne.jp,Male,1/18/2026,Vietnam
Selle,Nelthropp,snelthroppdi@google.com,Female,4/10/2026,Brazil
Josiah,Pittwood,jpittwooddj@bluehost.com,Male,7/29/2026,Philippines
Vito,Stivers,vstiversdk@freewebs.com,Male,3/6/2026,Myanmar
Elonore,Spilsted,espilsteddl@sphinn.com,Polygender,2/27/2026,Netherlands
Bartie,Kinkaid,bkinkaiddm@tripod.com,Male,11/25/2025,Brazil
Kylila,Saunier,ksaunierdn@abc.net.au,Female,10/3/2025,Panama
Maxi,Schultze,mschultzedo@yahoo.com,Polygender,12/13/2025,Argentina
Granger,Stokell,gstokelldp@chicagotribune.com,Male,9/29/2025,Nigeria
Nikos,Worsfold,nworsfolddq@nydailynews.com,Male,12/12/2025,Finland
Tedra,Dorey,tdoreydr@barnesandnoble.com,Polygender,8/10/2026,Guatemala
Daron,Kenninghan,dkenninghands@youku.com,Male,8/16/2026,Nigeria
Loralie,Breakwell,lbreakwelldt@google.ca,Female,3/28/2026,Russia
Hasty,Gothup,hgothupdu@hc360.com,Male,12/4/2025,Colombia
Cam,MacKartan,cmackartandv@icq.com,Male,2/19/2026,Armenia
Neala,Vasyukhnov,nvasyukhnovdw@eventbrite.com,Female,11/19/2025,Uzbekistan
Arlan,Anand,aananddx@ustream.tv,Male,9/26/2025,Poland
Bernette,Haw,bhawdy@pbs.org,Female,2/15/2026,China
Margalo,Knifton,mkniftondz@dion.ne.jp,Female,10/8/2025,Indonesia
Alisha,Worling,aworlinge0@youtube.com,Female,1/7/2026,Philippines
Melony,Breckell,mbreckelle1@apple.com,Female,12/14/2025,China
Sumner,Dawidman,sdawidmane2@tinypic.com,Male,9/8/2025,Indonesia
Charmine,Rought,croughte3@istockphoto.com,Female,5/30/2026,Argentina
Hamel,Trigg,htrigge4@alibaba.com,Male,2/8/2026,Brazil
Elaina,Calafato,ecalafatoe5@ucsd.edu,Female,11/24/2025,France
Emmett,Piddington,epiddingtone6@livejournal.com,Polygender,10/4/2025,China
Dur,Bastin,dbastine7@ucsd.edu,Male,10/6/2025,New Caledonia
Danielle,Heaps,dheapse8@live.com,Genderfluid,2/14/2026,Brazil
Tally,Shewen,tshewene9@icq.com,Male,3/29/2026,Bhutan
Chelsea,Pirdue,cpirdueea@army.mil,Female,5/7/2026,Japan
Ruperta,Hazelgrove,rhazelgroveeb@ucoz.com,Female,2/25/2026,Indonesia
Broddy,Lamport,blamportec@mozilla.org,Agender,9/22/2025,Russia
Oran,Cavil,ocaviled@google.it,Bigender,9/10/2025,Peru
Doy,Meeus,dmeeusee@csmonitor.com,Agender,1/14/2026,Canada
Alexandro,Aspell,aaspellef@simplemachines.org,Male,4/13/2026,Russia
Marlin,Durbyn,mdurbyneg@dagondesign.com,Male,9/16/2025,France
Clyde,Joscelin,cjoscelineh@github.io,Male,1/10/2026,China
Robina,Duckwith,rduckwithei@vk.com,Female,7/18/2026,Vietnam
Clarissa,Konerding,ckonerdingej@studiopress.com,Female,9/12/2025,Colombia
Gracie,Charteris,gcharterisek@xing.com,Female,9/5/2025,Kazakhstan
Aurea,Gallie,agallieel@vistaprint.com,Female,3/29/2026,Czech Republic
Henrik,Crosi,hcrosiem@purevolume.com,Male,11/17/2025,Ecuador
Eve,Collisson,ecollissonen@yale.edu,Female,2/14/2026,China
Nanci,Haggerty,nhaggertyeo@vinaora.com,Female,10/28/2025,Tanzania
Cordey,Ditchfield,cditchfieldep@xrea.com,Female,6/1/2026,Guatemala
Marjy,Kibard,mkibardeq@omniture.com,Female,5/1/2026,China
Hana,Lanham,hlanhamer@omniture.com,Female,1/11/2026,Czech Republic
Erroll,Croxford,ecroxfordes@1688.com,Male,2/27/2026,Russia
Osbert,Dockery,odockeryet@wikimedia.org,Genderfluid,2/18/2026,China
Corby,Ringe,cringeeu@wikispaces.com,Male,10/8/2025,Democratic Republic of the Congo
Karlens,Spollen,kspollenev@domainmarket.com,Male,4/20/2026,Cambodia
Joyous,Doody,jdoodyew@nps.gov,Female,1/16/2026,Russia
Caresse,Capron,ccapronex@shutterfly.com,Agender,11/22/2025,Philippines
Brander,Bisatt,bbisattey@godaddy.com,Male,3/8/2026,Portugal
Vladimir,Charman,vcharmanez@google.com.br,Male,2/26/2026,Indonesia
Gregorius,Trevenu,gtrevenuf0@patch.com,Male,2/16/2026,Luxembourg
Crissy,Casassa,ccasassaf1@meetup.com,Polygender,12/22/2025,China
Avie,Vallack,avallackf2@skype.com,Female,11/6/2025,Malaysia
Kirsten,Debill,kdebillf3@ameblo.jp,Female,7/31/2026,Sweden
Brok,Garley,bgarleyf4@washington.edu,Genderfluid,8/18/2025,China
Constantia,Beevis,cbeevisf5@bbb.org,Genderqueer,7/12/2026,South Korea
Sandy,Gabriel,sgabrielf6@google.com,Female,9/6/2025,Venezuela
Jae,Cagan,jcaganf7@time.com,Male,11/11/2025,Laos
Jere,Martinello,jmartinellof8@tmall.com,Female,4/1/2026,China
Jeanna,Witten,jwittenf9@behance.net,Genderqueer,9/17/2025,Argentina
Jordanna,Wealleans,jwealleansfa@naver.com,Female,3/13/2026,Philippines
Cynde,Saer,csaerfb@umn.edu,Female,11/21/2025,Poland
Tiffanie,Le Fleming,tleflemingfc@nyu.edu,Female,5/21/2026,Japan
Mareah,Egell,megellfd@istockphoto.com,Female,4/9/2026,Greece
Merissa,Dimnage,mdimnagefe@bloglines.com,Female,4/21/2026,China
Glori,Wixon,gwixonff@quantcast.com,Female,7/24/2026,Peru
Jenn,Daville,jdavillefg@techcrunch.com,Female,10/24/2025,China
Nichols,Juste,njustefh@surveymonkey.com,Male,7/5/2026,Colombia
Delora,Bracegirdle,dbracegirdlefi@washington.edu,Agender,2/12/2026,Indonesia
Timmie,Memory,tmemoryfj@who.int,Genderqueer,12/8/2025,Sweden
Roze,Penn,rpennfk@trellian.com,Female,12/15/2025,Antigua and Barbuda
Katherine,Mungham,kmunghamfl@weibo.com,Female,12/13/2025,Japan
Archibaldo,Suffe,asuffefm@gnu.org,Bigender,4/14/2026,Brazil
Amandie,Boustred,aboustredfn@ezinearticles.com,Female,11/25/2025,Argentina
Catina,Kerford,ckerfordfo@tiny.cc,Bigender,3/19/2026,Japan
Carr,Coles,ccolesfp@ibm.com,Male,7/29/2026,Serbia
Wylie,Maudlen,wmaudlenfq@psu.edu,Male,7/14/2026,Sierra Leone
Mil,Sams,msamsfr@posterous.com,Female,9/13/2025,China
Braden,Foffano,bfoffanofs@globo.com,Male,2/14/2026,Philippines
Coop,Caldecutt,ccaldecuttft@e-recht24.de,Male,7/12/2026,Russia
Kevin,Oag,koagfu@comsenz.com,Male,10/13/2025,China
Janina,Elvidge,jelvidgefv@opera.com,Female,8/22/2025,Portugal
Neilla,Grayne,ngraynefw@google.fr,Female,11/11/2025,Indonesia
Pietro,Manifield,pmanifieldfx@istockphoto.com,Male,11/23/2025,Slovenia
Anni,Holtaway,aholtawayfy@nhs.uk,Female,11/20/2025,China
Cicily,Johncey,cjohnceyfz@dell.com,Female,8/7/2026,Paraguay
Rowland,Pozer,rpozerg0@livejournal.com,Male,9/6/2025,China
Ainslie,Menpes,amenpesg1@smugmug.com,Female,4/14/2026,Ukraine
Demetra,Tyce,dtyceg2@psu.edu,Female,7/26/2026,Guatemala
Maressa,Kinnock,mkinnockg3@usda.gov,Female,5/9/2026,China
Caye,Worrall,cworrallg4@smh.com.au,Female,11/2/2025,Philippines
Archy,Bugbird,abugbirdg5@1und1.de,Male,8/1/2026,Central African Republic
Aldridge,Hodgon,ahodgong6@sphinn.com,Male,5/17/2026,Russia
Agnes,Hardie,ahardieg7@moonfruit.com,Female,5/3/2026,Dominican Republic
Marga,Shepherd,mshepherdg8@ehow.com,Female,2/24/2026,Philippines
Jacky,Hallworth,jhallworthg9@hexun.com,Male,11/2/2025,China
Adella,Raffan,araffanga@disqus.com,Female,4/10/2026,Indonesia
Reeva,Schubbert,rschubbertgb@jalbum.net,Female,4/6/2026,Honduras
Evaleen,Sibery,esiberygc@github.com,Female,12/19/2025,Iran
Carlie,Affleck,caffleckgd@plala.or.jp,Male,10/3/2025,Indonesia
Elwood,Heaseman,eheasemange@mozilla.com,Male,2/7/2026,Denmark
Josee,McKague,jmckaguegf@fda.gov,Female,7/16/2026,Poland
Brady,Martellini,bmartellinigg@blinklist.com,Male,10/11/2025,Russia
Raoul,Imlaw,rimlawgh@weather.com,Male,4/9/2026,Costa Rica
Ruggiero,Yakovliv,ryakovlivgi@slideshare.net,Male,11/26/2025,Ireland
Alina,Tomasello,atomasellogj@ameblo.jp,Female,12/5/2025,Indonesia
Eward,Bourthoumieux,ebourthoumieuxgk@toplist.cz,Male,3/28/2026,Portugal
Bendick,Ugoletti,bugolettigl@drupal.org,Male,11/29/2025,Philippines
Guthry,Hutson,ghutsongm@mit.edu,Male,10/10/2025,Poland
Guillema,Branford,gbranfordgn@cocolog-nifty.com,Female,3/18/2026,Norway
Irina,Woodlands,iwoodlandsgo@hp.com,Agender,10/29/2025,Tajikistan
Heda,Strauss,hstraussgp@guardian.co.uk,Female,12/24/2025,Portugal
Hanny,Gammidge,hgammidgegq@naver.com,Female,5/14/2026,Myanmar
Kristina,Groombridge,kgroombridgegr@addtoany.com,Female,8/20/2025,China
Hildagarde,Montrose,hmontrosegs@indiegogo.com,Genderfluid,5/20/2026,Finland
Pieter,Herion,pheriongt@t-online.de,Agender,3/28/2026,France
Joelynn,Boullin,jboullingu@shareasale.com,Female,12/17/2025,China
Leighton,Tendahl,ltendahlgv@blogger.com,Male,4/24/2026,China
Durante,Crandon,dcrandongw@wikispaces.com,Male,4/27/2026,Canada
Karisa,Stotherfield,kstotherfieldgx@mail.ru,Female,6/6/2026,Philippines
Howie,Beavors,hbeavorsgy@jiathis.com,Male,1/9/2026,Democratic Republic of the Congo
Tuesday,Sallenger,tsallengergz@is.gd,Female,11/19/2025,Uruguay
Randall,Dacey,rdaceyh0@privacy.gov.au,Male,1/25/2026,United States
Lexine,Thurlbeck,lthurlbeckh1@moonfruit.com,Female,11/2/2025,Cameroon
Tann,Johansson,tjohanssonh2@shinystat.com,Male,3/14/2026,Cape Verde
Ninetta,Trevithick,ntrevithickh3@hatena.ne.jp,Female,10/15/2025,Russia
Jerad,Cuckoo,jcuckooh4@taobao.com,Male,3/21/2026,China
Cecil,Haggath,chaggathh5@usa.gov,Male,8/22/2025,Indonesia
Derick,Haslam,dhaslamh6@sciencedirect.com,Male,10/14/2025,Argentina
Kiele,Wrathmall,kwrathmallh7@over-blog.com,Female,4/28/2026,China
Sylvester,Poag,spoagh8@bandcamp.com,Male,4/14/2026,Greece
Leonora,D'Aeth,ldaethh9@cnn.com,Female,5/30/2026,Japan
Seumas,MacCleay,smaccleayha@state.tx.us,Male,11/13/2025,Portugal
Steve,Darnody,sdarnodyhb@elpais.com,Male,9/7/2025,China
Eldon,Burel,eburelhc@ameblo.jp,Male,1/7/2026,Indonesia
Banky,Brigdale,bbrigdalehd@thetimes.co.uk,Male,8/22/2025,Philippines
Dino,Wehden,dwehdenhe@google.de,Male,1/14/2026,China
Mil,Priden,mpridenhf@friendfeed.com,Female,6/16/2026,Indonesia
Sallyanne,Ramelet,sramelethg@soundcloud.com,Female,10/8/2025,China
Barbara-anne,Nodes,bnodeshh@hud.gov,Female,10/7/2025,Czech Republic
Karlan,Cleiment,kcleimenthi@taobao.com,Male,10/14/2025,China
Garrick,Danit,gdanithj@columbia.edu,Male,10/8/2025,Malta
Teriann,Pawlaczyk,tpawlaczykhk@amazon.com,Female,6/7/2026,United States
Enrichetta,Bernard,ebernardhl@globo.com,Female,1/24/2026,Malaysia
Winn,Brinicombe,wbrinicombehm@cargocollective.com,Male,2/22/2026,Poland
Gerladina,Skeleton,gskeletonhn@prweb.com,Genderqueer,8/11/2026,Portugal
Rriocard,Woolley,rwoolleyho@netscape.com,Male,2/23/2026,Brazil
Marlene,Addess,maddesshp@weebly.com,Non-binary,2/17/2026,China
Olvan,Lammenga,olammengahq@microsoft.com,Male,12/21/2025,Myanmar
Shawnee,Brymner,sbrymnerhr@google.nl,Female,2/3/2026,Philippines
Lucita,Noblett,lnobletths@usnews.com,Female,5/8/2026,Tunisia
Remington,Limbourne,rlimbourneht@cnet.com,Male,11/8/2025,China
Charissa,Crannell,ccrannellhu@phoca.cz,Female,5/21/2026,China
Pia,Haycroft,phaycrofthv@theglobeandmail.com,Female,8/23/2025,Mexico
Adah,Chaudret,achaudrethw@amazon.com,Female,11/29/2025,China
Sibella,Ratledge,sratledgehx@sohu.com,Female,5/15/2026,France
Jacqueline,Gibson,jgibsonhy@usnews.com,Female,3/18/2026,Malta
Adrea,Kalinsky,akalinskyhz@weebly.com,Female,3/12/2026,Czech Republic
Darwin,Minerdo,dminerdoi0@gmpg.org,Male,5/16/2026,China
Ashia,Ferrillo,aferrilloi1@cnn.com,Bigender,6/7/2026,Vietnam
Nancee,Mingasson,nmingassoni2@dell.com,Female,4/30/2026,Bosnia and Herzegovina
Lou,Rassmann,lrassmanni3@statcounter.com,Male,8/15/2026,France
Jacinthe,Boyn,jboyni4@ning.com,Female,6/21/2026,El Salvador
Walt,Lingner,wlingneri5@google.com,Male,12/12/2025,China
Bealle,Sherrum,bsherrumi6@quantcast.com,Male,3/9/2026,Indonesia
Manfred,Huller,mhulleri7@illinois.edu,Male,1/12/2026,Brazil
Dun,Leeuwerink,dleeuwerinki8@unblog.fr,Agender,4/11/2026,Ukraine
Zach,Wynes,zwynesi9@jalbum.net,Male,2/13/2026,Belarus
Ransom,L'Episcopi,rlepiscopiia@goodreads.com,Male,10/22/2025,Poland
Clifford,Bellworthy,cbellworthyib@ifeng.com,Male,7/2/2026,Indonesia
Rey,Vears,rvearsic@cargocollective.com,Male,10/11/2025,Russia
Hasty,Ahrenius,hahreniusid@chron.com,Male,12/15/2025,Argentina
Meggi,Linturn,mlinturnie@godaddy.com,Female,11/5/2025,Tanzania
Ring,Kivlehan,rkivlehanif@loc.gov,Male,7/10/2026,Bolivia
Jedd,McUre,jmcureig@purevolume.com,Male,10/2/2025,Afghanistan
Bab,Quixley,bquixleyih@alexa.com,Agender,3/2/2026,China
Clementia,Giacoppo,cgiacoppoii@nsw.gov.au,Female,6/22/2026,Canada
Dexter,Purshouse,dpurshouseij@google.co.uk,Non-binary,4/13/2026,China
Kingston,Leuchars,kleucharsik@tiny.cc,Male,7/26/2026,Indonesia
Karlotta,Ovill,kovillil@nationalgeographic.com,Female,4/8/2026,Peru
Christoffer,Struis,cstruisim@un.org,Genderqueer,1/12/2026,Mexico
Otes,Dominick,odominickin@squarespace.com,Male,1/29/2026,Nigeria
Clari,Deny,cdenyio@biglobe.ne.jp,Female,10/23/2025,Greece
Alexio,Manuelli,amanuelliip@chron.com,Male,9/11/2025,Poland
Peyton,Hearnaman,phearnamaniq@vk.com,Male,9/7/2025,Cuba
Barb,Eymer,beymerir@gmpg.org,Female,9/25/2025,Spain
Sheba,Mogridge,smogridgeis@state.tx.us,Genderqueer,12/20/2025,China
Nobe,Featley,nfeatleyit@theglobeandmail.com,Male,12/16/2025,Pakistan
Eada,Ybarra,eybarraiu@phoca.cz,Bigender,2/21/2026,Jordan
Olimpia,Bare,obareiv@livejournal.com,Female,1/31/2026,Brazil
Maje,Streetley,mstreetleyiw@symantec.com,Male,4/6/2026,Philippines
Titos,Taphouse,ttaphouseix@fda.gov,Male,7/20/2026,Indonesia
Hewie,Glasgow,hglasgowiy@chicagotribune.com,Male,3/15/2026,Indonesia
Lorianna,Lineker,llinekeriz@cornell.edu,Female,9/3/2025,Indonesia
Carla,Sidry,csidryj0@jimdo.com,Female,5/2/2026,Indonesia
Lorenza,Sleney,lsleneyj1@tripadvisor.com,Bigender,10/23/2025,Poland
Ebonee,Peedell,epeedellj2@php.net,Female,7/23/2026,China
Darrell,Canizares,dcanizaresj3@census.gov,Male,3/6/2026,Japan
Robbert,McNee,rmcneej4@narod.ru,Male,5/6/2026,Colombia
Jule,Studde,jstuddej5@cargocollective.com,Non-binary,2/8/2026,Kazakhstan
Adria,Witherow,awitherowj6@liveinternet.ru,Female,1/22/2026,United Arab Emirates
Sigfried,Tegeller,stegellerj7@sphinn.com,Male,8/4/2026,Bulgaria
Efren,Busse,ebussej8@scribd.com,Male,1/26/2026,China
Janelle,Hellyer,jhellyerj9@psu.edu,Genderfluid,3/7/2026,China
Bartholomeus,Mendus,bmendusja@who.int,Male,10/2/2025,Indonesia
Luis,Ritchie,lritchiejb@facebook.com,Male,5/3/2026,Iran
Alaric,Zorro,azorrojc@fc2.com,Male,3/24/2026,Spain
Elbertine,Kleiser,ekleiserjd@purevolume.com,Female,1/8/2026,China
Adair,Sommerton,asommertonje@cbsnews.com,Male,9/6/2025,China
Fredia,Dufton,fduftonjf@answers.com,Female,3/3/2026,Philippines
Cathie,Bingell,cbingelljg@bandcamp.com,Non-binary,9/25/2025,Russia
Dillie,Stranger,dstrangerjh@techcrunch.com,Male,7/8/2026,Portugal
Aleece,Foulcher,afoulcherji@51.la,Female,8/16/2026,Indonesia
Nancee,Baistow,nbaistowjj@uol.com.br,Female,7/28/2026,China
Gwynne,Oatley,goatleyjk@angelfire.com,Female,10/13/2025,China
Brandea,O'Cahey,bocaheyjl@networksolutions.com,Non-binary,12/26/2025,Portugal
Gusella,Bence,gbencejm@wp.com,Female,4/22/2026,Poland
Noach,Koeppke,nkoeppkejn@biglobe.ne.jp,Male,2/6/2026,China
Ruthann,Tomney,rtomneyjo@printfriendly.com,Female,3/20/2026,Peru
Yasmeen,Pomery,ypomeryjp@cdc.gov,Female,7/25/2026,China
Matilda,Tume,mtumejq@netscape.com,Female,5/8/2026,China
Arliene,Dykes,adykesjr@github.io,Female,11/19/2025,Ukraine
Jelene,McKinlay,jmckinlayjs@nbcnews.com,Female,8/29/2025,Macedonia
Matthaeus,Ewbanke,mewbankejt@live.com,Male,5/22/2026,Russia
Lynna,Bauchop,lbauchopju@java.com,Female,8/25/2025,Myanmar
Lurline,Abatelli,labatellijv@usnews.com,Female,11/29/2025,Russia
Virge,Galletly,vgalletlyjw@w3.org,Male,11/30/2025,China
Kippar,Creaven,kcreavenjx@gravatar.com,Male,8/23/2025,Indonesia
Purcell,Laurance,plaurancejy@about.me,Genderqueer,8/18/2025,France
Domingo,Figger,dfiggerjz@disqus.com,Male,11/8/2025,Russia
Donaugh,Oleksiak,doleksiakk0@wunderground.com,Male,10/3/2025,Dominican Republic
Merrel,Petherick,mpetherickk1@over-blog.com,Male,12/18/2025,Indonesia
Rollo,Ricioppo,rricioppok2@sina.com.cn,Male,10/5/2025,Moldova
Garth,Marsham,gmarshamk3@icq.com,Male,5/18/2026,Hungary
Octavius,Sinnocke,osinnockek4@nbcnews.com,Male,1/5/2026,Japan
Alleen,Metherell,ametherellk5@sogou.com,Female,1/20/2026,China
Martie,Oxenham,moxenhamk6@rakuten.co.jp,Genderfluid,4/30/2026,Tajikistan
Kristoffer,Rundle,krundlek7@soup.io,Male,8/19/2025,Peru
Bond,Oger,bogerk8@mayoclinic.com,Male,3/19/2026,Mauritius
Jonah,Swinford,jswinfordk9@barnesandnoble.com,Male,7/23/2026,Poland
Raychel,Cockland,rcocklandka@friendfeed.com,Bigender,6/8/2026,China
Trip,Magovern,tmagovernkb@toplist.cz,Male,6/13/2026,China
Nelle,Reading,nreadingkc@wiley.com,Female,9/15/2025,Croatia
Mendy,McAloren,mmcalorenkd@xrea.com,Male,3/29/2026,China
Bartolomeo,Karpets,bkarpetske@ft.com,Male,5/24/2026,Morocco
Wandis,Harverson,wharversonkf@usnews.com,Female,4/26/2026,France
Cher,Wombwell,cwombwellkg@t-online.de,Female,3/6/2026,Albania
Agosto,Geany,ageanykh@jugem.jp,Male,5/25/2026,Poland
Nancee,Bineham,nbinehamki@squarespace.com,Female,9/18/2025,Pakistan
Benedikta,Zold,bzoldkj@reuters.com,Female,8/16/2026,Japan
Pru,Le febre,plefebrekk@sphinn.com,Female,7/13/2026,Poland
Bendite,Daventry,bdaventrykl@timesonline.co.uk,Female,7/24/2026,Indonesia
Virgil,Thomerson,vthomersonkm@ted.com,Male,12/25/2025,Mongolia
Orelee,Theml,othemlkn@cbslocal.com,Female,4/6/2026,France
Danyette,Gotobed,dgotobedko@biglobe.ne.jp,Genderfluid,1/16/2026,Luxembourg
Nonah,Raden,nradenkp@eventbrite.com,Female,4/2/2026,South Korea
Ginelle,Tace,gtacekq@so-net.ne.jp,Female,9/6/2025,France
Erie,Fellos,efelloskr@examiner.com,Male,4/5/2026,Moldova
Kort,Chomicz,kchomiczks@narod.ru,Genderfluid,11/13/2025,Ukraine
Stanfield,Raunds,sraundskt@state.gov,Male,5/2/2026,Brazil
Tarrance,MacFadzean,tmacfadzeanku@slashdot.org,Male,9/25/2025,Nicaragua
Aindrea,Gimbart,agimbartkv@elpais.com,Female,9/19/2025,Serbia
Ferdinand,Romayn,fromaynkw@addthis.com,Male,8/30/2025,Portugal
Solomon,Sudell,ssudellkx@umich.edu,Male,7/5/2026,Cuba
Tymon,Langlais,tlanglaisky@nba.com,Male,10/22/2025,Serbia
Herculie,Fronks,hfronkskz@uiuc.edu,Male,7/10/2026,Gabon
Ellswerth,Wolvey,ewolveyl0@free.fr,Male,4/4/2026,Finland
Bette-ann,Rosengren,brosengrenl1@barnesandnoble.com,Female,11/23/2025,Panama
Guntar,Brittle,gbrittlel2@businesswire.com,Genderfluid,10/1/2025,China
Trevor,Beccera,tbecceral3@gizmodo.com,Male,6/23/2026,Portugal
Nyssa,Eilhart,neilhartl4@printfriendly.com,Female,7/12/2026,Russia
Natividad,Lilleman,nlillemanl5@unc.edu,Female,7/2/2026,Czech Republic
Jorgan,Grason,jgrasonl6@telegraph.co.uk,Male,10/9/2025,Portugal
Bartlett,Brisker,bbriskerl7@japanpost.jp,Male,3/22/2026,Argentina
Link,Balducci,lbalduccil8@europa.eu,Male,3/1/2026,Brazil
Emelen,Pawlata,epawlatal9@drupal.org,Male,3/3/2026,Honduras
Edi,Trounce,etrouncela@dedecms.com,Female,10/8/2025,Argentina
Marget,Ions,mionslb@tripod.com,Female,6/11/2026,Panama
Adelice,Ferrotti,aferrottilc@mayoclinic.com,Female,4/23/2026,China
Waldemar,Beadman,wbeadmanld@godaddy.com,Male,3/24/2026,Ukraine
Elfrida,Meindl,emeindlle@hhs.gov,Female,6/21/2026,China
Jon,McCane,jmccanelf@thetimes.co.uk,Male,6/29/2026,United States
Kissee,Chin,kchinlg@newyorker.com,Female,12/22/2025,Mauritius
Enos,Cardenoza,ecardenozalh@taobao.com,Male,8/19/2025,Indonesia
Curcio,Westwell,cwestwellli@amazon.de,Male,1/8/2026,Greece
Sim,Chesnut,schesnutlj@sourceforge.net,Male,5/23/2026,Indonesia
Itch,Yurenin,iyureninlk@europa.eu,Male,4/19/2026,Brazil
Bari,Ruddle,bruddlell@google.co.jp,Female,3/30/2026,China
Bink,Wareing,bwareinglm@reddit.com,Male,3/1/2026,Ethiopia
Gillian,Halwood,ghalwoodln@delicious.com,Female,2/14/2026,China
Henrieta,Chetwin,hchetwinlo@dedecms.com,Female,12/20/2025,Chile
Shadow,Freiberg,sfreiberglp@hud.gov,Male,4/11/2026,Iran
Edan,Collymore,ecollymorelq@ed.gov,Male,1/15/2026,Morocco
Erny,Somersett,esomersettlr@acquirethisname.com,Male,11/4/2025,Uzbekistan
Laurie,Helsby,lhelsbyls@t-online.de,Male,8/16/2026,Russia
Othilia,Arrol,oarrollt@woothemes.com,Female,10/31/2025,Malaysia
Iggie,Suston,isustonlu@deliciousdays.com,Male,8/29/2025,Indonesia
Reilly,Fitchet,rfitchetlv@bigcartel.com,Male,6/10/2026,United States
Elmer,Pipet,epipetlw@opera.com,Male,10/14/2025,Argentina
Shawn,Ainge,saingelx@friendfeed.com,Non-binary,11/25/2025,China
Halimeda,Hatje,hhatjely@globo.com,Non-binary,10/15/2025,Greece
Norene,Downe,ndownelz@cpanel.net,Female,8/6/2026,Russia
Forrester,Killingsworth,fkillingsworthm0@alibaba.com,Male,10/31/2025,Canada
Franny,Spottiswoode,fspottiswoodem1@dedecms.com,Female,11/10/2025,Sweden
Derril,Massingberd,dmassingberdm2@sina.com.cn,Male,12/23/2025,Malaysia
Ardeen,Figger,afiggerm3@privacy.gov.au,Female,8/19/2025,Jamaica
Berget,Casali,bcasalim4@berkeley.edu,Female,9/18/2025,Portugal
Olympe,Allanby,oallanbym5@reddit.com,Female,3/6/2026,Costa Rica
Kalvin,Sleeman,ksleemanm6@pen.io,Agender,8/9/2026,Thailand
Donnie,Clough,dcloughm7@cbc.ca,Female,2/27/2026,Jamaica
Jethro,Rosewall,jrosewallm8@histats.com,Male,12/30/2025,Pakistan
Thayne,Mulkerrins,tmulkerrinsm9@360.cn,Male,3/1/2026,China
Emma,Hotson,ehotsonma@google.de,Female,8/13/2026,Poland
Odella,Murtimer,omurtimermb@hud.gov,Female,7/7/2026,Syria
Mariann,Rodger,mrodgermc@prlog.org,Female,5/23/2026,Kazakhstan
Ezri,Roback,erobackmd@comsenz.com,Agender,6/5/2026,Malaysia
Darcee,Kleewein,dkleeweinme@admin.ch,Female,9/19/2025,Colombia
Marga,Hinchon,mhinchonmf@illinois.edu,Genderqueer,4/29/2026,Philippines
Doria,Dandie,ddandiemg@photobucket.com,Female,4/5/2026,Indonesia
Murry,Blakely,mblakelymh@psu.edu,Male,1/3/2026,China
Huey,Windeatt,hwindeattmi@elpais.com,Male,3/4/2026,China
Edwina,Cuddehay,ecuddehaymj@ow.ly,Female,10/15/2025,Russia
Nikkie,Sterry,nsterrymk@apple.com,Female,8/23/2025,Ecuador
Kippie,Probart,kprobartml@com.com,Female,8/13/2026,Indonesia
Daren,Jessopp,djessoppmm@canalblog.com,Male,2/7/2026,Portugal
Robinet,McGifford,rmcgiffordmn@marriott.com,Male,9/9/2025,Philippines
Roberto,Moncur,rmoncurmo@howstuffworks.com,Male,9/1/2025,Turkmenistan
Ethelyn,McFadden,emcfaddenmp@state.tx.us,Female,10/20/2025,Jordan
Eward,Boncoeur,eboncoeurmq@mit.edu,Male,7/13/2026,Indonesia
Bronson,Jickles,bjicklesmr@cpanel.net,Male,5/28/2026,United States
Anet,Pavlovsky,apavlovskyms@imgur.com,Female,11/18/2025,Colombia
Bordy,Hains,bhainsmt@cbslocal.com,Bigender,2/20/2026,France
Hodge,Impy,himpymu@imdb.com,Male,12/20/2025,Philippines
Romain,Lewzey,rlewzeymv@w3.org,Male,1/29/2026,China
Claudia,Antoszewski,cantoszewskimw@icio.us,Female,12/30/2025,Brazil
Gayle,Brookshaw,gbrookshawmx@a8.net,Male,8/11/2026,Brazil
Valaria,Sweatman,vsweatmanmy@hp.com,Female,6/28/2026,China
Janis,Lowbridge,jlowbridgemz@blogs.com,Female,12/9/2025,China
Hannis,Boyn,hboynn0@theglobeandmail.com,Genderqueer,8/31/2025,Indonesia
Grenville,Slaughter,gslaughtern1@go.com,Male,7/1/2026,Indonesia
Howey,Maffezzoli,hmaffezzolin2@uiuc.edu,Male,11/30/2025,China
Nady,Dawe,ndawen3@usatoday.com,Female,10/4/2025,Brazil
Dukie,Farnin,dfarninn4@example.com,Male,7/29/2026,France
Nari,Orford,norfordn5@apple.com,Female,10/15/2025,Poland
Skylar,Coneybeer,sconeybeern6@cdbaby.com,Genderfluid,7/15/2026,Tanzania
Phillip,Bowie,pbowien7@jalbum.net,Agender,4/15/2026,China
Tania,Greenley,tgreenleyn8@marketwatch.com,Female,10/2/2025,Russia
Cord,Bowton,cbowtonn9@friendfeed.com,Male,11/16/2025,Paraguay
Sloane,Duckerin,sduckerinna@ning.com,Male,2/26/2026,Philippines
Gearard,Harniman,gharnimannb@sphinn.com,Male,2/4/2026,Indonesia
Lucky,Raithmill,lraithmillnc@nyu.edu,Female,1/13/2026,Albania
Stoddard,Fredi,sfredind@amazon.com,Female,3/12/2026,Niger
Darill,Willeman,dwillemanne@seesaa.net,Male,8/11/2026,United States
Lydon,Michie,lmichienf@msn.com,Male,11/23/2025,Indonesia
Peyton,Fripps,pfrippsng@mysql.com,Agender,9/11/2025,China
Whitaker,Skade,wskadenh@soundcloud.com,Male,11/19/2025,Philippines
Karlik,Jump,kjumpni@prweb.com,Male,1/7/2026,Argentina
Janel,Currin,jcurrinnj@ft.com,Female,3/25/2026,Ukraine
Alayne,Rustedge,arustedgenk@weibo.com,Female,10/8/2025,East Timor
Jessy,Vitall,jvitallnl@printfriendly.com,Female,1/20/2026,Indonesia
Lissi,Slatten,lslattennm@i2i.jp,Female,11/5/2025,Spain
Whitney,Grishunin,wgrishuninnn@flavors.me,Female,7/31/2026,Panama
Wilburt,Chidley,wchidleyno@a8.net,Male,9/19/2025,France
Bobina,Sills,bsillsnp@soup.io,Female,9/28/2025,China
Morris,Crewes,mcrewesnq@mapy.cz,Male,5/9/2026,Thailand
Fax,Zanre,fzanrenr@ucla.edu,Male,7/1/2026,Mexico
Melvyn,Somers,msomersns@forbes.com,Male,6/10/2026,Albania
Silvano,Kirkhouse,skirkhousent@who.int,Male,2/19/2026,Haiti
Merrel,Murfett,mmurfettnu@over-blog.com,Agender,2/20/2026,China
Sander,Solley,ssolleynv@mayoclinic.com,Male,11/21/2025,Mexico
Flora,Wilstead,fwilsteadnw@hibu.com,Female,6/3/2026,Lithuania
Calla,Philip,cphilipnx@t-online.de,Female,4/4/2026,China
Dania,Yeoman,dyeomanny@twitpic.com,Female,11/11/2025,Thailand
Lorraine,Swinbourne,lswinbournenz@washington.edu,Female,8/5/2026,Somalia
Meredith,Collison,mcollisono0@bravesites.com,Male,3/1/2026,Republic of the Congo
Bertrand,Turmel,bturmelo1@wix.com,Male,5/28/2026,Peru
Loy,Purry,lpurryo2@163.com,Male,3/2/2026,Argentina
Nicolis,Orrin,norrino3@jalbum.net,Male,8/10/2026,United States
Elka,Asple,easpleo4@usda.gov,Female,1/26/2026,Japan
Ruggiero,MacGragh,rmacgragho5@sourceforge.net,Male,1/15/2026,Russia
Travus,Olivelli,tolivellio6@bigcartel.com,Male,10/17/2025,Sweden
Hyacinthie,Culvey,hculveyo7@cargocollective.com,Female,2/24/2026,Argentina
Garrek,Skahill,gskahillo8@gmpg.org,Male,7/7/2026,Russia
Elijah,Give,egiveo9@mediafire.com,Male,8/9/2026,United States
Delbert,Cheverell,dcheverelloa@google.fr,Male,3/26/2026,Ukraine
Raymond,Guiet,rguietob@senate.gov,Male,3/29/2026,Ukraine
Pavla,Coase,pcoaseoc@loc.gov,Non-binary,11/28/2025,Vietnam
Jacenta,Guerrazzi,jguerrazziod@tumblr.com,Female,8/7/2026,Russia
Amil,Chitty,achittyoe@howstuffworks.com,Female,10/23/2025,United States
Vivian,Fanner,vfannerof@dot.gov,Female,2/26/2026,United States
Editha,McKilroe,emckilroeog@dailymotion.com,Female,6/14/2026,Peru
Marilyn,Vallance,mvallanceoh@pen.io,Female,12/19/2025,Poland
Kenyon,Klee,kkleeoi@ed.gov,Genderqueer,5/3/2026,Indonesia
Ester,Renwick,erenwickoj@usnews.com,Female,7/15/2026,Russia
Jemima,Rewbottom,jrewbottomok@seattletimes.com,Female,12/9/2025,Philippines
Dov,Wain,dwainol@sciencedirect.com,Male,5/5/2026,Nigeria
Josepha,Bellow,jbellowom@miibeian.gov.cn,Female,3/9/2026,China
Karyn,Heak,kheakon@weather.com,Female,6/24/2026,Gambia
Leyla,Barker,lbarkeroo@unblog.fr,Female,8/31/2025,China
Tyrus,Darinton,tdarintonop@digg.com,Genderfluid,11/18/2025,Brazil
Bertha,Rawlingson,brawlingsonoq@seattletimes.com,Female,7/11/2026,Libya
Ginelle,Shaefer,gshaeferor@washingtonpost.com,Bigender,10/25/2025,China
Cindra,Baudins,cbaudinsos@livejournal.com,Female,7/11/2026,Czech Republic
Jillene,Kermon,jkermonot@behance.net,Female,12/25/2025,Chile
Orren,Robinson,orobinsonou@wunderground.com,Male,10/9/2025,Indonesia
Dorice,Duffy,dduffyov@bizjournals.com,Female,5/26/2026,Indonesia
Jeremie,Witcherley,jwitcherleyow@weebly.com,Male,1/24/2026,Nigeria
Regina,Clampe,rclampeox@theglobeandmail.com,Female,7/5/2026,Japan
Dud,Lynagh,dlynaghoy@blogger.com,Male,10/7/2025,Moldova
Grannie,Jager,gjageroz@multiply.com,Male,4/26/2026,France
Nariko,Stonier,nstonierp0@sourceforge.net,Female,7/7/2026,Palestinian Territory
Dody,Aers,daersp1@simplemachines.org,Female,11/19/2025,Sweden
Cornelius,Dashwood,cdashwoodp2@zimbio.com,Male,11/6/2025,France
Jens,Nevins,jnevinsp3@imdb.com,Male,3/24/2026,China
Evyn,Grier,egrierp4@census.gov,Male,11/18/2025,Russia
Bartholomeo,Esberger,besbergerp5@comsenz.com,Male,7/23/2026,China
Hobie,Scarre,hscarrep6@godaddy.com,Male,7/4/2026,Indonesia
Nevile,Drewitt,ndrewittp7@slideshare.net,Male,4/30/2026,Yemen
Jarred,Scrase,jscrasep8@indiegogo.com,Genderqueer,6/2/2026,Indonesia
Winna,Radcliffe,wradcliffep9@cpanel.net,Female,5/23/2026,Iran
Maison,Andriulis,mandriulispa@hud.gov,Male,3/6/2026,Poland
Hoebart,Scorah,hscorahpb@dailymotion.com,Genderqueer,4/4/2026,Indonesia
Caresse,Melly,cmellypc@shutterfly.com,Genderqueer,8/5/2026,Argentina
Lalo,Shedden,lsheddenpd@parallels.com,Male,5/12/2026,Zimbabwe
Fitz,Navarro,fnavarrope@wufoo.com,Male,10/6/2025,Indonesia
Albertina,MacGinley,amacginleypf@livejournal.com,Female,5/3/2026,Turkmenistan
Sindee,Grichukhin,sgrichukhinpg@imdb.com,Female,1/21/2026,Poland
Ky,Lamperd,klamperdph@foxnews.com,Agender,6/11/2026,Peru
Sheridan,Andreazzi,sandreazzipi@patch.com,Male,3/19/2026,Colombia
Boigie,Duckerin,bduckerinpj@rediff.com,Male,6/19/2026,Belarus
Itch,Shrimpling,ishrimplingpk@china.com.cn,Male,4/7/2026,Bangladesh
Staffard,Kollach,skollachpl@themeforest.net,Male,12/3/2025,Russia
Reese,Mundwell,rmundwellpm@youtube.com,Non-binary,1/15/2026,France
Katlin,Pitkaithly,kpitkaithlypn@eventbrite.com,Female,11/27/2025,China
Yolanda,Shory,yshorypo@engadget.com,Female,9/18/2025,Indonesia
Emlyn,Whitnall,ewhitnallpp@naver.com,Male,11/20/2025,China
Deborah,Abbots,dabbotspq@va.gov,Non-binary,7/23/2026,Poland
Orton,Robatham,orobathampr@amazon.co.uk,Male,1/9/2026,Poland
Adrien,Scowcroft,ascowcroftps@goo.gl,Male,3/13/2026,Croatia
Lee,Greedier,lgreedierpt@freewebs.com,Female,8/20/2025,Sweden
Yvonne,Elgy,yelgypu@princeton.edu,Female,5/10/2026,Indonesia
Harli,Kershow,hkershowpv@nytimes.com,Polygender,6/17/2026,Peru
Murvyn,Wavell,mwavellpw@github.com,Male,6/27/2026,Morocco
Janela,Doulton,jdoultonpx@sitemeter.com,Female,1/28/2026,Czech Republic
Shelby,Portress,sportresspy@sourceforge.net,Male,6/12/2026,Malta
Andonis,Lardier,alardierpz@sun.com,Male,5/2/2026,Argentina
Curry,Lowing,clowingq0@sohu.com,Male,7/29/2026,Indonesia
Sunny,Imesen,simesenq1@prnewswire.com,Female,3/6/2026,Costa Rica
Mellie,Grahlman,mgrahlmanq2@oracle.com,Female,9/17/2025,Indonesia
Angil,Busswell,abusswellq3@tinypic.com,Female,3/19/2026,Albania
Deirdre,Sorrill,dsorrillq4@rambler.ru,Female,9/26/2025,United States
Averyl,McCook,amccookq5@aboutads.info,Female,2/6/2026,Czech Republic
Athena,Barkes,abarkesq6@parallels.com,Female,4/11/2026,Ukraine
Elmer,Thonger,ethongerq7@xrea.com,Male,11/21/2025,Brazil
Eda,Belsham,ebelshamq8@google.de,Female,7/12/2026,Philippines
Alana,Vasyutichev,avasyutichevq9@vkontakte.ru,Female,4/27/2026,China
Efrem,Ducastel,educastelqa@bing.com,Male,7/18/2026,Poland
Jeffie,McKeurton,jmckeurtonqb@printfriendly.com,Male,7/22/2026,Indonesia
Aindrea,Croft,acroftqc@weibo.com,Female,5/16/2026,Sierra Leone
Essy,Langshaw,elangshawqd@oakley.com,Female,5/31/2026,South Korea
Brittni,Surphliss,bsurphlissqe@tripod.com,Female,8/16/2026,China
Bowie,Espadate,bespadateqf@dot.gov,Male,8/4/2026,Russia
Brittany,Keford,bkefordqg@about.me,Female,11/20/2025,Indonesia
Esta,Heare,eheareqh@mac.com,Female,2/1/2026,Colombia
Hussein,Pryor,hpryorqi@360.cn,Male,4/22/2026,Madagascar
Zorina,Ghidetti,zghidettiqj@npr.org,Non-binary,1/31/2026,Brazil
Stephanus,Bluschke,sbluschkeqk@theglobeandmail.com,Agender,7/4/2026,Portugal
Valeda,Frogley,vfrogleyql@timesonline.co.uk,Agender,1/1/2026,Argentina
Pernell,Satchel,psatchelqm@jiathis.com,Male,2/1/2026,China
Jareb,Whitters,jwhittersqn@a8.net,Male,3/9/2026,China
Emery,Tittletross,etittletrossqo@howstuffworks.com,Male,3/31/2026,France
Ardella,Brookz,abrookzqp@psu.edu,Female,6/8/2026,Russia
Cody,O'Loinn,coloinnqq@vimeo.com,Male,7/27/2026,Croatia
Kristi,Chappelow,kchappelowqr@dailymail.co.uk,Female,7/13/2026,Indonesia
Jessey,Bhatia,jbhatiaqs@wix.com,Male,11/28/2025,Nepal
Ethe,Showalter,eshowalterqt@hexun.com,Male,10/25/2025,France
Hally,Deverock,hdeverockqu@networkadvertising.org,Female,8/6/2026,China
Emanuele,Drewry,edrewryqv@yale.edu,Male,4/11/2026,Indonesia
Jozef,Merriton,jmerritonqw@plala.or.jp,Male,4/19/2026,Palestinian Territory
Becca,Ziems,bziemsqx@theguardian.com,Female,7/4/2026,Ecuador
Malory,Menham,mmenhamqy@squidoo.com,Female,1/26/2026,Cuba
Waverly,Chinge,wchingeqz@statcounter.com,Male,6/16/2026,Portugal
Jens,Macklam,jmacklamr0@cbsnews.com,Male,5/8/2026,Russia
Domenico,Swindley,dswindleyr1@netscape.com,Male,8/7/2026,Indonesia
Shea,Salling,ssallingr2@businessinsider.com,Female,1/13/2026,Bulgaria
Wendye,Simmig,wsimmigr3@stanford.edu,Female,10/28/2025,Czech Republic
Dixie,Hartright,dhartrightr4@devhub.com,Female,4/28/2026,Indonesia
Willyt,McChesney,wmcchesneyr5@theglobeandmail.com,Female,12/2/2025,Indonesia
Alvan,McCaskell,amccaskellr6@booking.com,Male,3/8/2026,United States
Noah,Blabber,nblabberr7@google.co.uk,Male,1/5/2026,Philippines
Jeannine,Lawerence,jlawerencer8@auda.org.au,Female,7/15/2026,Russia
Tiff,Bonhill,tbonhillr9@123-reg.co.uk,Female,9/17/2025,China
Jerome,Cossentine,jcossentinera@abc.net.au,Bigender,6/19/2026,Bulgaria
Berti,Willmer,bwillmerrb@reuters.com,Male,5/27/2026,Brazil
Clementia,Gravenor,cgravenorrc@spotify.com,Female,11/12/2025,Belarus
Alameda,Frostdick,afrostdickrd@homestead.com,Female,10/14/2025,China
Petronille,Jedrzaszkiewicz,pjedrzaszkiewiczre@constantcontact.com,Female,9/25/2025,Sweden
Juana,Corner,jcornerrf@constantcontact.com,Female,8/24/2025,South Africa
Laney,Mottershaw,lmottershawrg@mlb.com,Male,2/8/2026,China
Isabelle,Pledger,ipledgerrh@redcross.org,Female,6/29/2026,Lithuania
Helaine,Eat,heatri@cisco.com,Female,10/6/2025,China
Gipsy,Salvidge,gsalvidgerj@mysql.com,Polygender,11/20/2025,Poland
Guthrey,Joselson,gjoselsonrk@histats.com,Non-binary,10/4/2025,Indonesia
Lisette,Broughton,lbroughtonrl@utexas.edu,Female,4/11/2026,Peru
Aguistin,Baleine,abaleinerm@plala.or.jp,Male,10/19/2025,China
Jarrod,MacLaren,jmaclarenrn@vkontakte.ru,Male,3/2/2026,Vietnam
Harp,Sherr,hsherrro@businessinsider.com,Male,10/1/2025,Indonesia
Miguela,Alberti,malbertirp@google.cn,Female,5/1/2026,Australia
Nelia,Stearley,nstearleyrq@techcrunch.com,Female,10/3/2025,Luxembourg
Averil,Longmore,alongmorerr@lycos.com,Male,4/5/2026,Vietnam
